,createdAt,matchId
0,2020-11-05T10:23:44Z,d1532d6a-618b-49d1-b680-6535d82795c4
1,2020-11-05T11:12:43Z,023385f7-a73c-4cac-b86e-f550faf0c2ce
2,2020-11-05T12:02:08Z,d43ea2dd-79c0-4967-ad7f-57fbe3dfbfed
3,2020-11-05T12:49:20Z,4b2a265a-594e-40ae-8e1e-0e5e983e637f
4,2020-11-06T10:06:39Z,4a007b2f-7070-4f1f-9956-dfd17e6877ec
5,2020-11-06T10:55:35Z,437d5fba-980f-46f0-90e8-9f7403fdb81c
6,2020-11-06T11:41:20Z,90a6d5ce-168e-4169-9ba6-680c3692f6f5
7,2020-11-06T12:23:40Z,b74bdfcd-5916-45f6-8695-ce7c537eb558
8,2020-11-12T10:11:09Z,891e29a6-ad31-4ae6-9246-ea1582e554e4
9,2020-11-12T10:57:43Z,9053a89d-d488-40a6-af45-7215860bcacc
10,2020-11-12T11:45:53Z,fec3964d-2e20-453f-8c41-5966aefa78d7
11,2020-11-12T12:33:33Z,c17ca543-ef34-439c-8e79-bd3ead9075d5
12,2020-11-13T10:06:35Z,d7a09b0b-3fa5-42b2-93de-c31c66f2ff30
13,2020-11-13T10:53:23Z,e33b985e-1b52-4c87-8220-fb67562188ab
14,2020-11-13T11:46:01Z,07862b93-b175-4a9c-94de-a5460bd2de0a
15,2020-11-13T12:37:12Z,b59c83ac-e7cf-4ebf-93fe-54d6ce8ca35c
